id,item_code,item_name,no stats,stats,scriptname,version,item_type,Level,oldLevel,abilList,cooldownID,ignoreCD,uses,prio,usable,perishable,droppable,pawnable,sellable,pickRandom,powerup,drop,stockMax,stockRegen,stockStart,goldcost,lumbercost,HP,morph,InBeta,stockInitial,stackMax,is_common,description,created_at
1,ckng,Crown of Kings +5,,,CrownofKings5,0,Artifact,8,10,AIx5,AIx5,0,-,126,0,0,1,1,1,1,0,0,1,120,0,1000,0,75,0,1,1,0,,,
2,modt,mask of death,,,maskofdeath,0,Artifact,8,10,AIva,AIva,0,-,138,0,0,1,1,1,1,0,0,1,120,0,1000,0,75,0,1,1,0,,,
3,tkno,Tome of Power,,,TomeofPower,0,Artifact,8,9,AIlm,AIlm,0,1,200,1,1,1,1,0,1,1,0,1,120,0,1250,0,75,0,1,1,0,,,
4,ratf,Claws of Attack +15,,,ClawsofAttack15,0,Artifact,7,9,AItf,AIat,0,-,53,0,0,1,1,1,1,0,0,1,120,0,800,0,75,0,1,1,0,,,
5,ofro,Orb of Frost,,,OrbofFrost,0,Artifact,7,7,AIob,AIob,0,-,97,0,0,1,1,1,1,0,0,1,120,0,800,0,75,0,1,1,0,,,
6,infs,Inferno Stone,,,InfernoStone,0,Artifact,7,8,AIin,AIfs,0,1,146,1,1,1,1,1,1,0,0,1,120,0,800,0,75,0,1,1,0,,,
7,desc,Dagger of Escape,,,DaggerofEscape,1,Artifact,7,0,AIbk,AIbk,0,-,47,1,0,1,1,1,1,0,0,1,120,0,800,0,75,0,1,1,0,,,
8,fgdg,Demonic Figurine,,,DemonicFigurine,0,Charged,6,8,AIfu,AIfs,0,1,139,1,1,1,1,1,1,0,0,1,120,0,700,0,75,0,1,1,0,,,
9,engr,Engraved Scale,,,EngravedScale,0,Charged,6,8,AIes,AIfs,0,1,141,1,1,1,1,1,1,0,0,1,120,0,700,0,75,0,1,1,0,,,
10,shar,Ice Shard,,,IceShard,1,Charged,6,0,AIir,AIfs,0,1,135,1,1,1,1,1,1,0,0,1,120,0,700,0,75,0,1,1,0,,,
11,ccmd,Scepter of Mastery,,,ScepterofMastery,0,Charged,6,0,AIco,AIco,0,1,143,1,1,1,1,1,1,0,0,1,120,0,700,0,75,0,1,1,0,,,
12,wild,Amulet of the Wild,,,AmuletoftheWild,1,Charged,6,0,AIuw,AIfs,0,1,136,1,1,1,1,1,1,0,0,1,120,0,700,0,75,0,1,1,0,,,
13,scav,Scepter of Avarice,,,ScepterOfAvarice,0,Charged,6,8,AIts,AIts,0,1,134,1,1,1,1,1,1,0,0,1,120,0,700,0,75,0,1,1,0,,,
14,odef,Orb of Darkness,,,OrbofDarkness,1,Permanent,6,0,AIdf,AIdf,0,-,96,0,0,1,1,1,1,0,0,1,120,0,600,0,75,0,1,1,0,,,
15,rde4,Ring of Protection +5,,,RingofProtection5,0,Permanent,3,9,AId5,AIde,0,-,117,0,0,1,1,1,1,0,0,1,120,0,300,0,75,0,1,1,0,,,
16,pmna,Pendant of Mana,,,PendantofMana,0,Permanent,6,7,AIbm,AImm,0,-,61,0,0,1,1,1,1,0,0,1,120,0,600,0,75,0,1,1,0,,,
17,rhth,Khadgar's Gem of Health,,,KhadgarsGemofHealth,0,Permanent,6,7,AIl2,AIml,0,-,128,0,0,1,1,1,1,0,0,1,120,0,600,0,75,0,1,1,0,,,
18,ssil,Staff of Silence,,,StaffofSilence,1,Permanent,6,0,AIse,ANsi,0,-,6,1,0,1,1,1,1,0,0,1,120,0,600,0,75,0,1,1,0,,,
19,spsh,Amulet of Spell Shield,,,AmuletofSpellShield,1,Permanent,6,5,ANss,ANss,0,-,113,0,0,1,1,1,1,0,0,1,120,0,600,0,75,0,1,1,0,,,
20,sres,Scroll of Restoration,,,ScrollofRestoration,0,Charged,5,7,AIra,AIra,0,1,144,1,1,1,1,1,1,0,0,1,120,440,550,0,75,0,1,1,0,,,
21,pdi2,Potion of Divinity (Invulnerability),,,PotionofDivinity2,1,Charged,5,0,AIvg,AIvu,0,1,125,1,1,1,1,1,1,0,0,1,120,440,550,0,75,0,1,1,0,,,
22,pres,Potion of Restoration,,,PotionofRestoration,0,Charged,5,6,AIre,AIre,0,1,132,1,1,1,1,1,1,0,0,1,120,440,550,0,75,0,1,1,0,,,
23,iotw,Idol of the wild,,,Idolofthewild,0,Charged,5,6,AIut,AIfs,0,1,84,1,1,1,1,1,1,0,0,1,120,0,550,0,75,0,1,1,0,,,
24,fgfh,Spiked Collar,,,SpikedCollar,0,Charged,5,6,AIfh,AIfs,0,1,83,1,1,1,1,1,1,0,0,1,120,0,550,0,75,0,1,1,0,,,
25,fgbd,Blue Drake Egg,,,BlueDrakeEgg,0,Charged,5,6,AIbd,AIfs,0,1,77,1,1,1,1,1,1,0,0,1,120,0,550,0,75,0,1,1,0,,,
26,fgrg,Stone Token,,,StoneToken,0,Charged,5,6,AIfr,AIfs,0,1,140,1,1,1,1,1,1,0,0,1,120,0,550,0,75,0,1,1,0,,,
27,hcun,Hood of Cunning,,,HoodofCunning,0,Permanent,5,9,"AIa5,AIi5",AIa5,0,-,62,0,0,1,1,1,1,0,0,1,120,0,500,0,75,0,1,1,0,,,
28,hval,Helm of Valor,,,HelmofValor,0,Permanent,5,9,"AIs5,AIa5",AIs5,0,-,108,0,0,1,1,1,1,0,0,1,120,0,500,0,75,0,1,1,0,,,
29,mcou,Medallion of Courage,,,MedallionofCourage,0,Permanent,5,9,"AIs5,AIi5",AIs5,0,-,87,0,0,1,1,1,1,0,0,1,120,0,500,0,75,0,1,1,0,,,
30,ajen,Ancient Janggo of Endurance,,,AncientJanggoofEndurance,0,Permanent,5,7,AIae,AOae,0,-,118,0,0,1,1,1,1,0,0,1,120,0,500,0,75,0,1,1,0,,,
31,clfm,Cloak of Flames,,,CloakofFlames,0,Permanent,5,7,AIcf,AIcf,0,-,120,0,0,1,1,1,1,0,0,1,120,0,500,0,75,0,1,1,0,,,
32,ratc,Claws of Attack +12,,,ClawsofAttack12,0,Permanent,5,7,AItc,AIat,0,-,49,0,0,1,1,1,1,0,0,1,120,0,500,0,75,0,1,1,0,,,
33,war2,Warsong Battle Drums (Kodo),,,WarsongBattleDrums2,0,Permanent,5,7,AIwd,Aakb,0,-,38,0,0,1,1,1,1,0,0,1,120,0,500,0,75,0,1,1,0,,,
34,kpin,Khadgar's Pipe of Insight,,,KhadgarsPipeofInsight,0,Permanent,5,7,AIba,AHab,0,-,60,0,0,1,1,1,1,0,0,1,120,0,500,0,75,0,1,1,0,,,
35,lgdh,Legion Doom-Horn,,,LegionDoomHorn,0,Permanent,5,7,AIau,AUau,0,-,124,0,0,1,1,1,1,0,0,1,120,0,500,0,75,0,1,1,0,,,
36,ankh,Ankh of Reincarnation,,,AnkhofReincarnation,0,Charged,4,6,AIrc,AIrc,0,1,142,0,1,1,1,1,1,0,0,1,120,0,450,0,75,0,1,1,0,,,
37,whwd,Healing Wards,,,HealingWards,0,Charged,4,6,AIhw,Ahwd,0,2,85,1,1,1,1,1,1,0,0,1,120,0,450,0,75,0,1,1,0,,,
38,fgsk,Book of the Dead,,,BookoftheDead,0,Charged,4,6,AIfs,AIfs,0,1,55,1,1,1,1,1,1,0,0,1,120,0,450,0,75,0,1,1,0,,,
39,wcyc,Wand of the Wind,,,WandoftheWind,0,Charged,4,6,AIcy,Acyc,0,2,30,1,1,1,1,1,1,0,0,1,120,0,450,0,75,0,1,1,0,,,
40,hlst,Health Stone,,,HealthStone,0,Charged,4,4,"AIh2,Arll",AIhe,0,1,122,1,1,1,1,1,1,0,0,1,120,0,450,0,75,0,1,1,0,,,
41,mnst,Mana Stone,,,ManaStone,0,Charged,4,4,"AIm2,AIrn",AIma,0,1,90,1,1,1,1,1,1,0,0,1,120,0,450,0,75,0,1,1,0,,,
42,belv,Boots of Quel'Thalas +6,,,BootsofQuelThalas6,0,Permanent,4,8,AIa6,AIa6,0,-,78,0,0,1,1,1,1,0,0,1,120,0,400,0,75,0,1,1,0,,,
43,bgst,Belt of Giant Strength +6,,,BeltofGiantStrength6,0,Permanent,4,8,AIs6,AIs6,0,-,106,0,0,1,1,1,1,0,0,1,120,0,400,0,75,0,1,1,0,,,
44,ciri,Robe of the Magi +6,,,RobeoftheMagi6,0,Permanent,4,8,AIi6,AIi6,0,-,43,0,0,1,1,1,1,0,0,1,120,0,400,0,75,0,1,1,0,,,
45,lhst,Lion Horn of Stormwind,,,LionHornofStormwind,0,Permanent,4,7,AIad,AHad,0,-,76,0,0,1,1,1,1,0,0,1,120,0,400,0,75,0,1,1,0,,,
46,afac,Alleria's Flute of Accuracy,x,x,AlleriasFluteofAccuracy,0,Permanent,4,7,AIar,AEar,0,-,46,0,0,1,1,1,1,0,0,1,120,0,400,0,75,0,1,1,0,,,
47,sbch,Scourge Bone Chimes,,,ScourgeBoneChimes,0,Permanent,4,7,AIav,AUav,0,-,71,0,0,1,1,1,1,0,0,1,120,0,400,0,75,0,1,1,0,,,
48,brac,Runed Bracers,,,RunedBracers,1,Permanent,4,4,AIsr,AIsr,0,-,114,0,0,1,1,1,1,0,0,1,120,0,400,0,75,0,1,1,0,,,
49,rwiz,Sobi Mask,,,SobiMask,0,Permanent,4,4,AIrm,AIrm,0,-,64,0,0,1,1,1,1,0,0,1,120,0,400,0,75,0,1,1,0,,,
50,pghe,potion of greater healing,,,potionofgreaterhealing,0,Charged,3,3,AIh2,AIhe,0,1,121,1,1,1,1,1,1,0,0,1,120,0,400,0,75,0,1,1,0,,,
51,pgma,Potion of Greater Mana,,,PotionofGreaterMana,0,Charged,3,3,AIm2,AIma,0,1,68,1,1,1,1,1,1,0,0,1,120,0,400,0,75,0,1,1,0,,,
52,pnvu,potion of invulnerability,,,potionofinvulnerability,0,Charged,3,3,AIvu,AIvu,0,1,102,1,1,1,1,1,1,0,0,1,120,440,400,0,75,0,1,1,0,,,
53,sror,Scroll of the Beast,,,ScrolloftheBeast,0,Charged,3,3,AIrr,Aroa,0,1,63,1,1,1,1,1,1,0,0,1,120,440,400,0,75,0,1,1,0,,,
54,woms,Wand of Mana Stealing,,,WandofManaStealing,1,Charged,3,3,Aste,Aste,0,2,69,1,1,1,1,1,1,0,0,1,120,0,400,0,75,0,1,1,0,,,
55,crys,Crystal Ball,,,CrystalBall,0,Charged,2,3,AIta,AIta,0,3,0,1,1,1,1,1,1,0,0,1,120,0,150,0,75,0,1,1,0,,,
56,evtl,Talisman of Evasion,,,TalismanofEvasion,0,Permanent,3,7,AIev,AEev,0,-,99,0,0,1,1,1,1,0,0,1,120,0,300,0,75,0,1,1,0,,,
57,penr,Pendant of Energy,,,PendantofEnergy,0,Permanent,3,4,AImb,AImm,0,-,50,0,0,1,1,1,1,0,0,1,120,0,300,0,75,0,1,1,0,,,
58,prvt,Periapt of Vitality,,,PeriaptofVitality,0,Permanent,3,4,AIlf,AIml,0,-,107,0,0,1,1,1,1,0,0,1,120,0,300,0,75,0,1,1,0,,,
59,rat9,Claws of Attack +9,,,ClawsofAttack9,0,Permanent,3,4,AIt9,AIat,0,-,48,0,0,1,1,1,1,0,0,1,120,0,300,0,75,0,1,1,0,,,
60,rde3,Ring of Protection +4,,,RingofProtection4,0,Permanent,2,8,AId4,AIde,0,-,116,0,0,1,1,1,0,0,0,1,120,0,125,0,75,0,1,1,0,,,
61,rlif,Ring of regeneration,,,Ringofregeneration,0,Permanent,3,4,Arel,Arel,0,-,42,0,0,1,1,1,1,0,0,1,120,0,300,0,75,0,1,1,0,,,
62,bspd,Boots of Speed,,,BootsofSpeed,0,Permanent,3,2,AIms,AIms,0,-,41,0,0,1,1,1,0,0,0,2,60,220,250,0,75,0,1,2,0,,,
63,rej3,Replenishment Potion,,,ReplenishmentPotion,1,Charged,2,0,AIp3,AIrg,0,1,75,1,1,1,1,1,1,0,0,0,120,0,150,0,75,1,1,1,0,,,
64,will,Wand of Illusion,,,WandofIllusion,0,Charged,2,3,AIil,AIil,0,2,14,1,1,1,1,1,1,0,0,1,120,0,150,0,75,0,1,1,0,,,
65,wlsd,Wand of Lightning Shield,,,WandofLightningShield,0,Charged,2,3,AIls,AIls,0,2,8,1,1,1,1,1,0,0,0,1,90,0,150,0,75,0,1,1,0,,,
66,wswd,Sentry Wards,,,SentryWards,0,Charged,2,3,AIsw,Aeye,0,2,0,1,1,1,1,1,1,0,0,1,120,0,150,0,75,0,1,1,0,,,
67,cnob,Circlet of Nobility,,,CircletofNobility,0,Permanent,3,4,AIx2,AIx2,0,-,79,0,0,1,1,1,1,0,0,1,120,0,200,0,75,0,1,1,0,,,
68,gcel,Gloves of Haste,,,GlovesofHaste,0,Permanent,2,2,AIsx,AIas,0,-,32,0,0,1,1,1,1,0,0,1,120,0,125,0,75,0,1,1,0,,,
69,rat6,Claws of Attack +6,,,ClawsofAttack6,0,Permanent,2,2,AItj,AIat,0,-,44,0,0,1,1,1,1,0,0,1,120,0,125,0,75,0,1,1,0,,,
70,rde2,Ring of Protection +3,,,RingofProtection3,0,Permanent,2,0,AId3,AIde,0,-,105,0,0,1,1,1,1,0,0,1,120,0,125,0,75,0,1,1,0,,,
71,tdx2,Tome of Agility +2,,,TomeofAgility2,0,PowerUp,2,5,AIgm,AIgm,0,1,200,1,1,1,1,0,1,1,0,1,120,0,300,0,75,0,1,1,0,,,
72,tin2,Tome of Intelligence +2,,,TomeofIntelligence2,0,PowerUp,2,5,AItm,AItm,0,1,200,1,1,1,1,0,1,1,0,1,120,0,300,0,75,0,1,1,0,,,
73,tpow,Tome of Knowledge,,,TomeofKnowledge,0,PowerUp,2,5,AIxm,AIxm,0,1,200,1,1,1,1,0,1,1,0,1,120,0,300,0,75,0,1,1,0,,,
74,tst2,Tome of Strength +2,,,TomeofStrength2,0,PowerUp,2,5,AInm,AInm,0,1,200,1,1,1,1,0,1,1,0,1,120,0,300,0,75,0,1,1,0,,,
75,pnvl,Potion of Lesser Invulnerability,,,PotionofLesserInvulnerability,1,Purchasable,2,0,AIvl,AIvu,0,1,40,1,1,1,1,1,1,0,0,1,120,440,150,0,75,0,1,1,0,,,
76,clsd,Cloak of Shadows,,,CloakofShadows,0,Permanent,1,2,AIhm,AIhm,0,-,2,0,0,1,1,1,1,0,0,1,120,0,100,0,75,0,1,1,0,,,
77,rag1,Slippers of Agility +3,,,SlippersofAgility3,0,Permanent,1,2,AIa3,AIa3,0,-,104,0,0,1,1,1,1,0,0,1,120,0,100,0,75,0,1,1,0,,,
78,rin1,Mantle of Intelligence +3,,,MantleofIntelligence3,0,Permanent,1,2,AIi3,AIi3,0,-,23,0,0,1,1,1,1,0,0,1,120,0,100,0,75,0,1,1,0,,,
79,rst1,Gauntlets of Ogre Strength +3,,,GauntletsofOgreStrength3,0,Permanent,1,2,AIs3,AIs3,0,-,58,0,0,1,1,1,1,0,0,1,120,0,100,0,75,0,1,1,0,,,
80,manh,Manual of Health,,,ManualofHealth,0,PowerUp,1,1,AImh,AImi,0,1,200,1,1,1,1,0,1,1,0,1,120,0,200,0,75,0,1,1,0,,,
81,tdex,Tome of Agility +1,,,TomeofAgility1,0,PowerUp,1,1,AIam,AIam,0,1,200,1,1,1,1,0,1,1,0,1,120,0,150,0,75,0,1,1,0,,,
82,tint,Tome of Intelligence,,,TomeofIntelligence,0,PowerUp,1,1,AIim,AIim,0,1,200,1,1,1,1,0,1,1,0,1,120,0,150,0,75,0,1,1,0,,,
83,tstr,Tome of Strength +1,,,TomeofStrength1,0,PowerUp,1,1,AIsm,AIsm,0,1,200,1,1,1,1,0,1,1,0,1,120,0,150,0,75,0,1,1,0,,,
84,pomn,Potion of Omniscience,,,PotionofOmniscience,1,Charged,0,0,AIrv,AIrv,0,1,0,1,1,1,1,1,1,0,0,1,120,440,400,0,75,0,1,1,0,,,
85,wshs,Wand of Shadowsight,,,WandofShadowsight,1,Charged,0,0,Ashs,Ashs,0,2,0,1,1,1,1,1,1,0,0,2,60,0,150,0,75,0,1,1,0,,,
86,rej6,Greater Scroll of Replenishment,,,GreaterScrollofReplenishment,1,Miscellaneous,6,0,AIp6,AIrg,0,1,130,1,1,1,1,1,0,0,0,0,120,0,500,0,75,1,0,1,0,,,
87,rej5,Lesser Scroll of Replenishment,,,LesserScrollofReplenishment,1,Miscellaneous,5,0,AIp5,AIrg,0,1,129,1,1,1,1,1,0,0,0,0,120,0,400,0,75,1,0,1,0,,,
88,rej4,Greater Replenishment Potion,,,GreaterReplenishmentPotion,1,Miscellaneous,4,0,AIp4,AIrg,0,1,119,1,1,1,1,1,0,0,0,0,120,0,450,0,75,1,0,1,0,,,
89,ram4,Fourth Ring of the Archmagi,,,FourthRingoftheArchmagi,1,Miscellaneous,4,2,"AIx3,AIba",AHab,0,-,145,0,0,1,1,1,0,0,0,1,120,0,750,0,75,0,0,1,0,,,
90,dsum,Diamond of Summoning,,,DiamondofSummoning,1,Permanent,4,0,AUds,AUds,0,-,0,1,1,1,1,1,0,0,0,2,120,0,400,0,75,0,1,1,0,,,
91,ofir,Orb of Fire,,,OrbofFire,0,Miscellaneous,3,7,AIfb,AIfb,0,-,95,0,0,1,1,1,0,0,0,1,120,0,250,0,75,0,1,1,0,,,
92,ocor,Orb of Corruption,,,OrbofCorruption,1,Miscellaneous,3,7,AIcb,AIcb,0,-,93,0,0,1,1,1,0,0,0,1,120,0,375,0,75,0,1,1,0,,,
93,oli2,Orb of Lightning,,,OrbofLightning,1,Miscellaneous,3,0,AIll,AIll,0,-,91,0,0,1,1,1,0,0,0,1,120,0,375,0,75,0,1,1,0,,,
94,oven,Orb of Venom,,,OrbofVenom,1,Miscellaneous,3,7,"AIpb,Apo2",AIpb,0,-,94,0,0,1,1,1,0,0,0,1,120,0,325,0,75,0,1,1,0,,,
95,ram3,Third Ring of the Archmagi,,,ThirdRingoftheArchmagi,1,Permanent,4,2,AIx3,AIab,0,-,109,0,0,1,1,1,1,0,0,1,120,0,400,0,75,0,0,1,0,,,
96,tret,Tome of Retraining,,,TomeofRetraining,1,Purchasable,3,0,Aret,Aret,0,1,0,1,1,1,1,1,0,0,0,2,120,440,200,0,75,0,1,2,0,,,
97,tgrh,Tiny Great Hall,,,TinyGreatHall,1,Purchasable,3,0,AIbg,AIbl,0,1,0,1,1,1,1,1,0,0,0,1,120,0,600,185,75,0,1,1,0,,,
98,rej2,Lesser Replenishment Potion,,,LesserReplenishmentPotion,1,Miscellaneous,2,0,AIp2,AIrg,0,1,72,1,1,1,1,1,0,0,0,0,120,0,150,0,75,1,0,1,0,,,
99,gemt,Gem of True Seeing,,,GemofTrueSeeing,0,Miscellaneous,2,0,Adt1,Adet,0,-,35,0,0,1,1,1,0,0,0,1,120,0,200,0,75,0,1,1,0,,,
100,ram2,Second Ring of the Archmagi,,,SecondRingoftheArchmagi,1,Miscellaneous,2,2,AIx2,AIab,0,-,52,0,0,1,1,1,0,0,0,1,120,0,300,0,75,0,0,1,0,,,
101,stel,Staff of Teleportation,,,StaffofTeleportation,1,Permanent,2,0,AImt,AHmt,0,-,0,1,0,1,1,1,0,0,0,2,120,220,150,0,75,0,1,2,0,,,
102,stwp,Scroll of Town Portal,,,ScrollofTownPortal,0,Purchasable,2,0,AItp,AItp,0,1,123,1,1,1,1,1,0,0,0,2,120,440,325,0,75,0,1,1,0,,,
103,wneg,Wand of Negation,,,WandofNegation,0,Purchasable,2,0,AIpw,AIpw,0,3,110,1,1,1,1,1,0,0,0,2,90,0,120,0,75,0,1,1,0,,,
104,sneg,Staff of Negation,,,StaffofNegation,1,Purchasable,2,3,AIds,AIds,0,-,112,1,0,1,1,1,0,0,0,2,120,0,200,0,75,0,1,1,0,,,
105,wneu,Wand of Neutralization,,,WandofNeutralization,1,Purchasable,2,0,AIdc,AIdc,0,4,111,1,1,1,1,1,0,0,0,2,90,0,150,0,75,0,1,1,0,,,
106,shea,Scroll of Healing,,,ScrollofHealing,0,Purchasable,2,0,AIha,AIha,0,1,73,1,1,1,1,1,0,0,0,2,120,440,250,0,75,0,1,1,0,,,
107,sman,Scroll of Mana,,,ScrollofMana,0,Purchasable,2,0,AImr,AImr,0,1,65,1,1,1,1,1,0,0,0,5,120,440,150,0,75,0,1,1,0,,,
108,rej1,Minor Replenishment Potion,,,MinorReplenishmentPotion,1,Miscellaneous,1,0,AIp1,AIrg,0,1,31,1,1,1,1,1,0,0,0,0,120,0,100,0,75,1,0,1,0,,,
109,pspd,Potion of Speed,,,PotionofSpeed,0,Miscellaneous,1,0,AIsp,AIsp,0,1,7,1,1,1,1,1,0,0,0,1,45,440,75,0,75,0,1,1,0,,,
110,dust,Dust of Appearance,,,DustofAppearance,1,Miscellaneous,1,0,AItb,AItb,0,2,0,1,1,1,1,1,0,0,0,1,60,0,75,0,75,0,1,1,0,,,
111,ram1,First Ring of the Archmagi,,,FirstRingoftheArchmagi,1,Miscellaneous,1,2,AIx1,AIab,0,-,24,0,0,1,1,1,0,0,0,1,120,0,125,0,75,0,0,1,0,,,
112,pinv,potion of invisibility,,,potionofinvisibility,0,Purchasable,1,0,AIv1,AIvi,0,1,33,1,1,1,1,1,0,0,0,1,120,440,100,0,75,0,1,1,0,,,
113,phea,potion of healing,,,potionofhealing,0,Purchasable,1,3,AIh1,AIhe,0,1,74,1,1,1,1,1,0,0,0,3,120,440,150,0,75,0,1,1,0,,,
114,pman,Potion of Mana,,,PotionofMana,0,Purchasable,1,0,AIm1,AIma,0,1,66,1,1,1,1,1,0,0,0,2,120,440,150,0,75,0,1,1,0,,,
115,spro,Scroll of Protection,,,ScrollofProtection,0,Purchasable,1,0,AIda,AIda,0,1,103,1,1,1,1,1,0,0,0,2,120,440,150,0,75,0,1,1,0,,,
116,hslv,Healing Salve,,,HealingSalve,1,Purchasable,1,0,AIrl,AIrg,0,3,82,1,1,1,1,1,0,0,0,2,60,0,100,0,75,0,1,1,0,,,
117,moon,Moonstone,,,Moonstone,1,Purchasable,1,0,AIct,AIct,0,1,1,1,1,1,1,1,0,0,0,1,90,0,50,0,75,0,1,1,0,,,
118,shas,Scroll of Speed,,,ScrollofSpeed,1,Purchasable,1,0,AIsa,AIsp,0,1,34,1,1,1,1,1,0,0,0,1,60,0,70,0,75,0,1,1,0,,,
119,skul,Sacrificial Skull,,,SacrificialSkull,1,Purchasable,1,0,Ablp,Ablp,0,1,0,1,1,1,1,1,0,0,0,2,45,0,50,0,75,0,1,1,0,,,
120,mcri,Mechanical Critter,,,MechanicalCritter,1,Purchasable,1,0,Amec,Amec,0,1,0,1,1,1,1,1,0,0,0,2,60,0,50,0,75,0,1,1,0,,,
121,rnec,Rod of Necromancy,,,RodofNecromancy,1,Purchasable,1,0,AIrd,AIrd,0,4,86,1,1,1,1,1,0,0,0,1,60,0,150,0,75,0,1,1,0,,,
122,ritd,Ritual Dagger,,,RitualDagger,1,Purchasable,1,0,AIg2,AIg2,0,1,86,1,1,1,1,1,0,0,0,1,75,0,75,0,75,0,1,1,0,,,
123,tsct,Ivory Tower,,,IvoryTower,1,Purchasable,1,0,AIbt,AIbl,0,1,0,1,1,1,1,1,0,0,0,2,30,0,40,25,75,0,1,1,0,,,
124,azhr,Heart of Aszune,,,HeartofAszune,0,Campaign,0,0,_,,0,-,0,0,0,1,0,0,0,0,0,3,120,0,200,0,75,0,0,1,0,,,
125,bzbe,Empty Vial,,,EmptyVial,0,Campaign,0,0,_,,0,-,0,0,0,1,0,0,0,0,0,3,120,0,200,0,75,0,0,1,0,,,
126,bzbf,Full Vial,,,FullVial,0,Campaign,0,0,_,,0,-,0,0,0,1,0,0,0,0,0,3,120,0,200,0,75,0,0,1,0,,,
127,ches,Cheese,,,Cheese,0,Campaign,0,0,_,,0,-,0,0,0,1,0,0,0,0,0,1,120,0,250,0,75,0,0,1,0,,,
128,cnhn,Horn of Cenarius,,,HornofCenarius,0,Campaign,0,0,"Arel,AIl1",,0,-,0,0,0,1,0,0,0,0,0,3,120,0,200,0,75,0,0,1,0,,,
129,glsk,Guldan's Skull,,,GuldansSkull,0,Campaign,0,0,_,,0,-,0,0,0,1,0,0,0,0,0,3,120,0,200,0,75,0,0,1,0,,,
130,gopr,Glyph of Purification,,,GlyphofPurification,0,Campaign,0,0,_,,0,-,0,0,0,1,0,0,0,0,0,1,120,0,250,0,75,0,0,1,0,,,
131,k3m1,Key of 3 Moons - 1,,,Keyof3Moons1,0,Campaign,0,0,_,,0,-,0,0,0,1,0,0,0,0,0,3,120,0,200,0,75,0,0,1,0,,,
132,k3m2,Key of 3 Moons - 2,,,Keyof3Moons2,0,Campaign,0,0,_,,0,-,0,0,0,1,0,0,0,0,0,3,120,0,200,0,75,0,0,1,0,,,
133,k3m3,Key of 3 Moons - 3,,,Keyof3Moons3,0,Campaign,0,0,_,,0,-,0,0,0,1,0,0,0,0,0,3,120,0,200,0,75,0,0,1,0,,,
134,ktrm,Urn of Kel'Thuzad,,,UrnofKelThuzad,0,Campaign,0,0,_,,0,-,0,0,0,1,0,0,0,0,0,3,120,0,200,0,75,0,0,1,0,,,
135,kybl,bloody key,,,bloodykey,0,Campaign,0,0,_,,0,-,0,0,0,1,0,0,0,0,0,3,120,0,200,0,75,0,0,1,0,,,
136,kygh,ghost key,,,ghostkey,0,Campaign,0,0,_,,0,-,0,0,0,1,0,0,0,0,0,3,120,0,200,0,75,0,0,1,0,,,
137,kymn,moon key,,,moonkey,0,Campaign,0,0,_,,0,-,0,0,0,1,0,0,0,0,0,3,120,0,200,0,75,0,0,1,0,,,
138,kysn,sun key,,,sunkey,0,Campaign,0,0,_,,0,-,0,0,0,1,0,0,0,0,0,3,120,0,200,0,75,0,0,1,0,,,
139,ledg,Gerard's Lost Ledger,,,GerardsLostLedger,0,Campaign,0,0,_,,0,-,0,0,0,1,0,0,0,0,0,3,120,0,200,0,75,0,0,1,0,,,
140,phlt,Phat Lewt,,,PhatLewt,0,Campaign,0,0,_,,0,-,999,0,0,1,0,0,0,0,0,1,120,0,500,0,75,0,0,1,0,,,
141,sehr,Searinox's Heart,,,SearinoxsHeart,0,Campaign,0,0,_,,0,-,0,0,0,1,0,0,0,0,0,3,120,0,200,0,75,0,0,1,0,,,
142,engs,Enchanted Gemstone,,,EnchantedGemstone,0,Campaign,0,0,_,,0,-,0,0,0,1,0,0,0,0,0,3,120,0,200,0,75,0,0,1,0,,,
143,sorf,Shadow Orb Fragment,,,ShadowOrbFragment,1,Campaign,0,0,_,,0,-,200,0,0,1,0,0,0,1,0,1,120,0,200,0,75,0,0,1,0,,,
144,gmfr,Gem Fragment,,,GemFragment,1,Campaign,0,0,_,,0,-,0,0,0,1,0,0,0,0,0,1,120,0,200,0,75,0,0,1,0,,,
145,jpnt,note to jaina proudmoore,,,notetojainaproudmoore,1,Campaign,0,0,_,,0,-,0,0,0,1,0,0,0,0,0,1,120,0,200,0,75,0,0,1,0,,,
146,shwd,shimmerweed,,,shimmerweed,1,Campaign,0,0,_,,0,-,200,0,0,1,0,0,0,1,0,1,120,0,200,0,75,0,0,1,0,,,
147,skrt,Skeletal Artifact,,,SkeletalArtifact,1,Campaign,0,0,_,,0,-,0,0,0,1,0,0,0,0,0,1,120,0,250,0,75,0,0,1,0,,,
148,thle,thunder lizard egg,,,thunderlizardegg,1,Campaign,0,0,_,,0,-,200,0,0,1,0,0,0,1,0,1,120,0,200,0,75,0,0,1,0,,,
149,sclp,secret level powerup,,,secretlevelpowerup,1,Campaign,0,0,_,,0,1,200,0,1,1,0,0,0,1,0,1,60,0,75,0,75,0,0,1,0,,,
150,wtlg,Wirt's Leg,,,WirtsLeg,1,Campaign,0,0,_,,0,-,0,0,0,1,0,0,0,0,0,1,120,0,200,0,75,0,0,1,0,,,
151,wolg,Wirt's Other Leg,,,WirtsOtherLeg,1,Campaign,0,0,_,,0,-,0,0,0,1,0,0,0,0,0,1,120,0,200,0,75,0,0,1,0,,,
152,mgtk,Magtheridon's Keys,,,MagtheridonsKeys,1,Campaign,0,0,_,,0,-,0,0,0,1,0,0,0,0,0,1,120,0,200,0,75,0,0,1,0,,,
153,mort,Mogrin's Report,,,MogrinsReport,1,Campaign,0,0,_,,0,-,0,0,0,1,0,0,0,0,0,1,120,0,200,0,75,0,0,1,0,,,
154,dphe,Thunder Hawk Egg,,,ThunderHawkEgg,1,Campaign,0,0,_,,0,-,200,0,0,1,0,0,0,1,0,1,120,0,200,0,75,0,0,1,0,,,
155,dkfw,Keg of Thunderwater,,,KegofThunderwater,1,Campaign,0,0,_,,0,-,200,0,0,1,0,0,0,1,0,1,120,0,200,0,75,0,0,1,0,,,
156,dthb,Thunderbloom Bulb,,,ThunderbloomBulb,1,Campaign,0,0,_,,0,-,200,0,0,1,0,0,0,1,0,1,120,0,200,0,75,0,0,1,0,,,
157,fgun,Flare Gun,,,FlareGun,1,Miscellaneous,0,3,AIfa,AIfa,0,3,0,1,1,1,1,1,0,0,0,2,45,0,125,0,75,0,1,1,0,,,
158,lure,Monster Lure,,,MonsterLure,1,Miscellaneous,0,3,AImo,AImo,0,1,0,1,1,1,1,1,0,0,0,2,120,0,200,0,75,0,1,1,0,,,
159,olig,Orb of Lightning(old),,,OrbofLightningold,0,Miscellaneous,0,10,"AIlb,AIlp",AIlb,0,-,92,0,0,1,1,1,0,0,0,1,120,0,450,0,75,0,1,1,0,,,
160,amrc,Amulet of Recall,,,AmuletofRecall,0,Miscellaneous,0,0,AIrt,AIrt,0,1,0,1,1,1,1,1,0,0,0,2,120,0,250,0,75,0,1,1,0,,,
161,flag,human flag,,,humanflag,0,Miscellaneous,0,0,AIfm,,0,-,0,0,0,1,1,1,0,0,1,1,120,0,1000,0,75,0,1,1,0,,,
162,gobm,Goblin Land Mine,,,GoblinLandMine,0,Miscellaneous,0,0,AIpm,AIpm,0,3,0,1,1,1,1,1,0,0,0,3,120,0,225,0,75,0,1,1,0,,,
163,gsou,Soul Gem,,,SoulGem,0,Miscellaneous,0,0,AIso,AIso,0,1,137,1,1,1,0,0,0,0,0,3,120,0,1000,0,75,0,1,1,0,,,
164,nflg,NightElf flag,,,NightElfflag,0,Miscellaneous,0,0,AIfn,,0,-,0,0,0,1,1,1,0,0,1,1,120,0,1000,0,75,0,1,1,0,,,
165,nspi,Necklace of Spell Immunity,,,NecklaceofSpellImmunity,0,Miscellaneous,0,0,AImx,AImx,0,-,131,0,0,1,1,1,0,0,0,1,120,0,1000,0,75,0,1,1,0,,,
166,oflg,Orc flag,,,Orcflag,0,Miscellaneous,0,0,AIfo,,0,-,0,0,0,1,1,1,0,0,1,1,120,0,1000,0,75,0,1,1,0,,,
167,pams,Anti-Magic Potion,,,AntiMagicPotion,0,Miscellaneous,0,0,AIxs,Aami,0,1,56,1,1,1,1,1,0,0,0,2,120,0,100,0,75,0,1,1,0,,,
168,pgin,potion of greater invisibility,,,potionofgreaterinvisibility,0,Miscellaneous,0,0,AIv2,AIvi,0,1,36,1,1,1,1,1,0,0,0,1,120,0,200,0,75,0,1,1,0,,,
169,rat3,Claws of Attack +3,,,ClawsofAttack3,0,Miscellaneous,0,0,AIat,AIat,0,-,18,0,0,1,1,1,0,0,0,3,120,0,50,0,75,0,1,1,0,,,
170,rde0,Ring of Protection +1,,,RingofProtection1,0,Miscellaneous,0,0,AId1,AIde,0,-,45,0,0,1,1,1,0,0,0,3,120,0,50,0,75,0,1,1,0,,,
171,rde1,Ring of Protection +2,,,RingofProtection2,0,Miscellaneous,0,2,AId2,AIde,0,-,80,0,0,1,1,1,0,0,0,1,90,0,125,0,75,0,1,1,0,,,
172,rnsp,Ring of Superiority,,,RingofSuperiority,0,Permanent,1,1,AIx1,AIx1,0,-,35,0,0,1,1,1,1,0,0,1,120,0,100,0,75,0,0,1,0,,,
173,soul,Soul,,,Soul,0,Miscellaneous,0,0,_,,0,-,0,0,0,0,0,0,0,0,0,1,120,0,1000,0,75,0,0,1,0,,,
174,tels,Goblin Night Scope,,,GoblinNightScope,0,Miscellaneous,0,0,AIuv,Ault,0,-,5,0,0,1,1,1,0,0,0,3,120,0,200,0,75,0,1,1,0,,,
175,tgxp,Tome of Greater Experience,,,TomeofGreaterExperience,0,Miscellaneous,0,0,AIe2,AIe2,0,1,200,1,1,1,1,0,0,1,0,1,120,0,1000,0,75,0,1,1,0,,,
176,uflg,Undead flag,,,Undeadflag,0,Miscellaneous,0,0,AIfe,,0,-,0,0,0,1,1,1,0,0,1,1,120,0,1000,0,75,0,1,1,0,,,
177,anfg,Ancient Figurine,,,AncientFigurine,0,Miscellaneous,0,0,AIi1,AIi1,0,-,11,0,0,1,1,1,0,0,0,1,180,0,150,0,75,0,0,1,0,,,
178,brag,Bracer of Agility,,,BracerofAgility,0,Miscellaneous,0,0,AIa1,AIa1,0,-,20,0,0,1,1,1,0,0,0,1,120,0,50,0,75,0,0,1,0,,,
179,drph,Druid Pouch,,,DruidPouch,0,Miscellaneous,0,0,AIi1,AIi1,0,-,10,0,0,1,1,1,0,0,0,1,120,0,50,0,75,0,0,1,0,,,
180,iwbr,Ironwood Branch,,,IronwoodBranch,0,Miscellaneous,0,0,AIs1,AIs1,0,-,27,0,0,1,1,1,0,0,0,1,120,0,50,0,75,0,0,1,0,,,
181,jdrn,Jade Ring,,,JadeRing,0,Miscellaneous,0,0,AIa1,AIa1,0,-,21,0,0,1,1,1,0,0,0,1,120,0,50,0,75,0,0,1,0,,,
182,lnrn,Lion's Ring,,,LionsRing,0,Miscellaneous,0,0,AIa1,AIa1,0,-,22,0,0,1,1,1,0,0,0,1,120,0,50,0,75,0,0,1,0,,,
183,mlst,Maul of Strength,,,MaulofStrength,0,Miscellaneous,0,0,AIs1,AIs1,0,-,29,0,0,1,1,1,0,0,0,1,120,0,50,0,75,0,0,1,0,,,
184,oslo,Orb of Slow,,,OrbofSlow,1,Miscellaneous,0,0,AIsb,AIsb,0,-,98,0,0,1,1,1,0,0,0,1,120,0,325,0,75,0,1,1,0,,,
185,sbok,Spell Book,,,SpellBook,1,Miscellaneous,0,0,Aspb,Aspb,0,-,0,1,0,1,1,1,0,0,0,1,120,440,325,0,75,0,1,1,0,,,
186,sksh,Skull Shield,,,SkullShield,0,Miscellaneous,0,0,AIs1,AIs1,0,-,26,0,0,1,1,1,0,0,0,1,120,0,200,0,75,0,0,1,0,,,
187,sprn,Spider Ring,,,SpiderRing,0,Miscellaneous,0,0,AIa1,AIa1,0,-,19,0,0,1,1,1,0,0,0,1,120,0,50,0,75,0,0,1,0,,,
188,tmmt,Totem of Might,,,TotemofMight,0,Miscellaneous,0,0,AIs1,AIs1,0,-,28,0,0,1,1,1,0,0,0,1,120,0,50,0,75,0,0,1,0,,,
189,vddl,Voodoo Doll,,,VoodooDoll,0,Miscellaneous,0,0,AIi1,AIi1,0,-,16,0,0,1,1,1,0,0,0,1,120,0,50,0,75,0,0,1,0,,,
190,spre,Staff of Preservation,,,StaffofPreservation,1,Miscellaneous,0,0,ANpr,ANpr,0,-,4,1,0,1,1,1,0,0,0,1,120,0,150,0,75,0,1,1,0,,,
191,sfog,Horn of the Clouds,,,HornoftheClouds,1,Miscellaneous,0,0,AIfg,Aclf,0,-,13,1,0,1,1,1,0,0,0,2,120,0,200,0,75,0,0,1,0,,,
192,sor1,Shadow Orb +1,,,ShadowOrb1,1,Miscellaneous,0,0,"AItg,AIdn",AIat,0,-,9,0,0,1,1,1,0,0,0,1,120,0,50,0,75,0,0,1,0,,,
193,sor2,Shadow Orb +2,,,ShadowOrb2,1,Miscellaneous,0,0,"AIth,AIdn",AIat,0,-,15,0,0,1,1,1,0,0,0,1,120,0,100,0,75,0,0,1,0,,,
194,sor3,Shadow Orb +3,,,ShadowOrb3,1,Miscellaneous,0,0,"AIat,AIdn",AIat,0,-,17,0,0,1,1,1,0,0,0,1,120,0,200,0,75,0,0,1,0,,,
195,sor4,Shadow Orb +4,,,ShadowOrb4,1,Miscellaneous,0,0,"AIti,AId1,AIdn",AIat,0,-,51,0,0,1,1,1,0,0,0,1,120,0,300,0,75,0,0,1,0,,,
196,sor5,Shadow Orb +5,,,ShadowOrb5,1,Miscellaneous,0,0,"AItj,AId1,AIdn",AIat,0,-,54,0,0,1,1,1,0,0,0,1,120,0,350,0,75,0,0,1,0,,,
197,sor6,Shadow Orb +6,,,ShadowOrb6,1,Miscellaneous,0,0,"AIt6,AId1,AIdn",AIat,0,-,59,0,0,1,1,1,0,0,0,1,120,0,400,0,75,0,0,1,0,,,
198,sor7,Shadow Orb +7,,,ShadowOrb7,1,Miscellaneous,0,0,"AItk,AId2,AIdn",AIat,0,-,88,0,0,1,1,1,0,0,0,1,120,0,550,0,75,0,0,1,0,,,
199,sor8,Shadow Orb +8,,,ShadowOrb8,1,Miscellaneous,0,0,"AItl,AId2,AIdn",AIat,0,-,100,0,0,1,1,1,0,0,0,1,120,0,700,0,75,0,0,1,0,,,
200,sor9,Shadow Orb +9,,,ShadowOrb9,1,Miscellaneous,0,0,"AIt9,AId2,Arel,AIdn",AIat,0,-,101,0,0,1,1,1,0,0,0,1,120,0,900,0,75,0,0,1,0,,,
201,sora,Shadow Orb +10,,,ShadowOrb10,1,Miscellaneous,0,0,"AItn,AId3,Arel,AIdn",AIat,0,-,115,0,0,1,1,1,0,0,0,1,120,0,1250,0,75,0,0,1,0,,,
202,fwss,Frostwyrm Skull Shield,,,FrostwyrmSkullShield,1,Miscellaneous,0,0,"AId2,AIsr",AIsr,0,-,127,0,0,1,1,1,0,0,0,1,120,0,750,0,75,0,0,1,0,,,
203,shtm,Shamanic Totem,,,ShamanicTotem,1,Miscellaneous,0,0,AIps,Aprg,0,-,37,1,0,1,1,1,0,0,0,1,120,0,600,0,75,0,0,1,0,,,
204,esaz,Essence of Aszune,,,EssenceofAszune,1,Miscellaneous,0,0,AIh3,AIhe,0,-,89,1,0,1,1,1,0,0,0,1,120,0,600,0,75,0,0,1,0,,,
205,btst,orcish battle standard,,,orcishbattlestandard,1,Miscellaneous,0,0,AIfx,,0,-,0,0,0,1,0,0,0,0,1,1,120,0,1000,0,75,0,0,1,0,,,
206,tbsm,Tiny Blacksmith,,,TinyBlacksmith,1,Miscellaneous,0,0,AIbb,AIbl,0,1,0,1,1,1,1,1,0,0,0,1,120,0,200,50,75,0,0,1,0,,,
207,tfar,Tiny Farm,,,TinyFarm,1,Miscellaneous,0,0,AIbf,AIbl,0,1,0,1,1,1,1,1,0,0,0,1,120,0,75,20,75,0,0,1,0,,,
208,tlum,Tiny Lumber Mill,,,TinyLumberMill,1,Miscellaneous,0,0,AIbr,AIbl,0,1,0,1,1,1,1,1,0,0,0,1,120,0,150,0,75,0,0,1,0,,,
209,tbar,Tiny Barracks,,,TinyBarracks,1,Miscellaneous,0,0,AIbs,AIbl,0,1,0,1,1,1,1,1,0,0,0,1,120,0,160,50,75,0,0,1,0,,,
210,tbak,Tiny Altar of Kings,,,TinyAltarofKings,1,Miscellaneous,0,0,AIbh,AIbh,0,1,0,1,1,1,1,1,0,0,0,1,120,0,180,50,75,0,0,1,0,,,
211,gldo,Orb of Kil'jaeden,,,OrbofKiljaeden,1,Miscellaneous,0,0,AIgd,AIfb,0,-,95,0,0,1,1,1,0,0,0,1,120,0,450,0,75,0,0,1,0,,,
212,stre,Staff of Reanimation,,,StaffofReanimation,1,Miscellaneous,0,0,AInd,AUan,0,-,0,1,0,1,1,1,0,0,0,1,120,0,200,0,75,0,0,1,0,,,
213,horl,Holy Relic,,,HolyRelic,1,Miscellaneous,0,0,AIae,AOae,0,-,0,0,0,1,1,1,0,0,0,1,180,0,950,0,75,0,0,1,0,,,
214,hbth,Helm of Battlethirst,,,HelmofBattlethirst,1,Miscellaneous,0,0,"AIxk,AIa4,AIs4",Absk,0,-,0,1,0,1,1,1,0,0,0,1,180,0,4200,0,75,0,0,1,0,,,
215,blba,Bladebane Armor,,,BladebaneArmor,1,Miscellaneous,0,0,"AId7,AIad",AHad,0,-,0,0,0,1,1,1,0,0,0,1,180,0,3500,0,75,0,0,1,0,,,
216,rugt,Runed Gauntlets,,,RunedGauntlets,1,Miscellaneous,0,0,"AId3,AIs3",AIab,0,-,0,0,0,1,1,1,0,0,0,1,180,0,725,0,75,0,0,1,0,,,
217,frhg,Firehand Gauntlets,,,FirehandGauntlets,1,Miscellaneous,0,0,"AId5,AIs2",AIas,0,-,0,0,0,1,1,1,0,0,0,1,180,0,3500,0,75,0,0,1,0,,,
218,gvsm,Gloves of Spell Mastery,,,GlovesofSpellMastery,1,Miscellaneous,0,0,"AIcm,AIi6",Acmg,0,-,0,1,0,1,1,1,0,0,0,1,180,0,1400,0,75,0,0,1,0,,,
219,crdt,Crown of the Deathlord,,,CrownoftheDeathlord,1,Miscellaneous,0,0,"AIfz,AIlf,AImz",ANfd,0,-,0,1,0,1,1,1,0,0,0,1,180,0,6400,0,75,0,0,1,0,,,
220,arsc,Arcane Scroll,,,ArcaneScroll,1,Miscellaneous,0,0,AIdb,AIdb,0,1,0,1,1,1,1,1,0,0,0,1,180,0,1000,0,75,0,0,1,0,,,
221,scul,Scroll of the Unholy Legion,,,ScrolloftheUnholyLegion,1,Miscellaneous,0,0,AIan,AIan,0,1,0,1,1,1,1,1,0,0,0,1,180,0,950,0,75,0,0,1,0,,,
222,tmsc,Tome of Sacrifices,,,TomeofSacrifices,1,Miscellaneous,0,0,"AIdp,AImz",AUdp,0,-,0,1,0,1,1,1,0,0,0,1,180,0,1250,0,75,0,0,1,0,,,
223,dtsb,Drek'thar's Spellbook,,,DrektharsSpellbook,1,Miscellaneous,0,0,"AItp,AImv,AIsr",AItp,0,-,0,1,0,1,1,1,0,0,0,1,180,0,3350,0,75,0,0,1,0,,,
224,grsl,Grimoire of Souls,,,GrimoireofSouls,1,Miscellaneous,0,0,AIpx,AImi,0,10,0,1,1,1,1,1,0,0,0,1,180,0,1350,0,75,0,0,1,0,,,
225,arsh,Arcanite Shield,,,ArcaniteShield,1,Miscellaneous,0,0,"AId5,AIdd",Adef,0,-,0,0,0,1,1,1,0,0,0,1,180,0,3500,0,75,0,0,1,0,,,
226,shdt,Shield of the Deathlord,,,ShieldoftheDeathlord,1,Miscellaneous,0,0,"AIlf,AImz,AId0,AIcf",AIcf,0,-,0,0,0,1,1,1,0,0,0,1,180,0,9000,0,75,0,0,1,0,,,
227,shhn,Shield of Honor,,,ShieldofHonor,1,Miscellaneous,0,0,"AId8,AIcd",AOac,0,-,0,0,0,1,1,1,0,0,0,1,180,0,3350,0,75,0,0,1,0,,,
228,shen,Enchanted Shield,,,EnchantedShield,1,Miscellaneous,0,0,"AId2,AIlz",AIml,0,-,0,0,0,1,1,1,0,0,0,1,180,0,650,0,75,0,0,1,0,,,
229,thdm,Thunderlizard Diamond,,,ThunderlizardDiamond,1,Miscellaneous,0,0,AIcl,AOcl,0,-,0,1,0,1,1,1,0,0,0,1,180,0,1190,0,75,0,0,1,0,,,
230,stpg,Stuffed Penguin,,,StuffedPenguin,1,Miscellaneous,0,0,AIpz,AIha,0,-,0,1,0,1,1,1,0,0,0,1,180,0,450,0,75,0,0,1,0,,,
231,shrs,Shimmerglaze Roast,,,ShimmerglazeRoast,1,Miscellaneous,0,0,AIhx,AIhe,0,6,0,1,1,1,1,1,0,0,0,1,180,0,150,0,75,0,0,1,0,,,
232,bfhr,Bloodfeather's Heart,,,BloodfeathersHeart,1,Miscellaneous,0,0,AIaz,AIab,0,-,0,0,0,1,1,1,0,0,0,1,180,0,2500,0,75,0,0,1,0,,,
233,cosl,Celestial Orb of Souls,,,CelestialOrbofSouls,1,Miscellaneous,0,0,AIrx,AHre,0,-,0,1,0,1,1,1,0,0,0,1,180,0,10000,0,75,0,0,1,0,,,
234,shcw,Shaman Claws,,,ShamanClaws,1,Miscellaneous,0,0,AIlx,AIll,0,-,0,0,0,1,1,1,0,0,0,1,180,0,950,0,75,0,0,1,0,,,
235,srbd,Searing Blade,,,SearingBlade,1,Miscellaneous,0,0,"AIfw,AIcs",AOcr,0,-,0,0,0,1,1,1,0,0,0,1,180,0,1650,0,75,0,0,1,0,,,
236,frgd,Frostguard,,,Frostguard,1,Miscellaneous,0,0,"AIft,AId5",AIob,0,-,0,0,0,1,1,1,0,0,0,1,180,0,1400,0,75,0,0,1,0,,,
237,envl,Enchanted Vial,,,EnchantedVial,1,Miscellaneous,0,0,AIp3,AIrg,0,5,0,1,1,1,1,1,0,0,0,1,180,0,450,0,75,0,0,1,0,,,
238,rump,Rusty Mining Pick,,,RustyMiningPick,1,Miscellaneous,3,0,"AItg,AIbx",AHbh,0,-,100,0,0,1,1,1,0,0,0,1,180,0,300,0,75,0,0,1,0,,,
239,srtl,Serathil,,,Serathil,1,Miscellaneous,0,0,"AIsx,AItf",AIas,0,-,0,0,0,1,1,1,0,0,0,1,180,0,5500,0,75,0,0,1,0,,,
240,stwa,Sturdy War Axe,,,SturdyWarAxe,1,Miscellaneous,0,0,AItj,AIat,0,-,0,0,0,1,1,1,0,0,0,1,180,0,600,0,75,0,0,1,0,,,
241,klmm,Killmaim,,,Killmaim,1,Miscellaneous,0,0,"AItx,AIva",AIva,0,-,0,0,0,1,1,1,0,0,0,1,180,0,7500,0,75,0,0,1,0,,,
242,rots,Rod of the Sea,,,RodoftheSea,1,Miscellaneous,0,0,"AIwm,AIx2",ANwm,0,5,0,1,1,1,1,1,0,0,0,1,180,0,1000,0,75,0,0,1,0,,,
243,axas,Ancestral Staff,,,AncestralStaff,1,Miscellaneous,0,0,"AIsh,AIae",AOsf,0,-,0,1,0,1,1,1,0,0,0,1,180,0,3000,0,75,0,0,1,0,,,
244,mnsf,Mindstaff,,,Mindstaff,1,Miscellaneous,0,0,"AI2m,AIba",AHab,0,-,0,0,0,1,1,1,0,0,0,1,180,0,1800,0,75,0,0,1,0,,,
245,schl,Scepter of Healing,,,ScepterofHealing,1,Miscellaneous,0,0,"AIhl,AIgx",AHhb,0,-,0,1,0,1,1,1,0,0,0,1,180,0,4200,0,75,0,0,1,0,,,
246,asbl,Assassin's Blade,,,AssassinsBlade,1,Miscellaneous,0,0,"AIsz,AItj",Aspo,0,-,0,0,0,1,1,1,0,0,0,1,180,0,2000,0,75,0,0,1,0,,,
247,kgal,Keg of Ale,,,KegofAle,1,Miscellaneous,0,0,"AIrm,Arel",Arel,0,-,0,0,0,1,1,1,0,0,0,1,180,0,850,0,75,0,0,1,0,,,
248,ward,Warsong Battle Drums,,,WarsongBattleDrums,0,Miscellaneous,0,7,AIcd,AOac,0,-,38,0,0,1,1,1,0,0,0,1,120,0,500,0,75,0,1,1,0,,,
249,gold,Chest of Gold,,,ChestofGold,1,PowerUp,0,0,AIgo,AIgo,0,1,200,1,1,1,1,0,0,1,0,3,120,0,150,0,75,0,0,1,0,,,
250,lmbr,Bundle of Lumber,,,BundleofLumber,1,PowerUp,0,0,AIlu,AIlu,0,1,200,1,1,1,1,0,0,1,0,3,120,0,150,0,75,0,0,1,0,,,
251,gfor,Glyph of Fortification,,,GlyphofFortification,1,PowerUp,0,0,AIgf,AIgl,0,1,200,1,1,1,1,0,0,1,0,1,120,0,200,0,75,0,1,1,0,,,
252,guvi,Glyph of UltraVision,,,GlyphofUltraVision,1,PowerUp,0,0,AIgu,AIgl,0,1,200,1,1,1,1,0,0,1,0,1,120,0,125,0,75,0,1,1,0,,,
253,rspl,Rune of Spirit Link,,,RuneofSpiritLink,1,PowerUp,0,0,Aspp,Aspp,0,1,200,1,1,1,1,0,0,1,0,1,120,0,150,0,75,0,1,1,0,,,
254,rre1,Rune of Lesser Resurrection,,,RuneofLesserResurrection,1,PowerUp,0,0,APrl,AIrs,0,1,200,1,1,1,1,0,0,1,0,1,90,0,100,0,75,0,1,1,0,,,
255,rre2,Rune of Greater Resurrection,,,RuneofGreaterResurrection,1,PowerUp,0,0,APrr,AIrs,0,1,200,1,1,1,1,0,0,1,0,1,90,0,300,0,75,0,1,1,0,,,
256,gomn,Glyph of Omniscience,,,GlyphofOmniscience,1,PowerUp,0,0,AIrv,AIrv,0,1,200,1,1,1,1,0,0,1,0,1,240,0,300,0,75,0,1,1,0,,,
257,rsps,Rune of Shielding,,,RuneofShielding,1,PowerUp,0,0,ANse,ANse,0,1,200,1,1,1,1,0,0,1,0,1,180,0,300,0,75,0,1,1,0,,,
258,rspd,Rune of Speed,,,RuneofSpeed,1,PowerUp,0,0,APsa,AIsp,0,1,200,1,1,1,1,0,0,1,0,1,90,0,200,0,75,0,1,1,0,,,
259,rman,Rune of Mana(Lesser),,,RuneofManaLesser,1,PowerUp,0,0,APmr,AImr,0,1,200,1,1,1,1,0,0,1,0,1,90,0,100,0,75,0,1,1,0,,,
260,rma2,Rune of Mana(Greater),,,RuneofManaGreater,1,PowerUp,0,0,APmg,AImr,0,1,200,1,1,1,1,0,0,1,0,1,90,0,300,0,75,0,1,1,0,,,
261,rres,Rune of Restoration,,,RuneofRestoration,1,PowerUp,0,0,APra,AIra,0,1,200,1,1,1,1,0,0,1,0,1,90,0,250,0,75,0,1,1,0,,,
262,rreb,Rune of Rebirth,,,RuneofRebirth,1,PowerUp,0,0,AIrb,AIrb,0,1,200,1,1,1,1,0,0,1,0,1,90,0,250,0,75,0,1,1,0,,,
263,rhe1,Rune of Lesser Healing,,,RuneofLesserHealing,1,PowerUp,0,0,APh1,AIha,0,1,200,1,1,1,1,0,1,1,0,1,90,0,100,0,75,0,1,1,0,,,
264,rhe2,Rune of Healing,,,RuneofHealing,1,PowerUp,0,0,APh2,AIha,0,1,200,1,1,1,1,0,0,1,0,1,90,0,200,0,75,0,1,1,0,,,
265,rhe3,Rune of Greater Healing,,,RuneofGreaterHealing,1,PowerUp,0,0,APh3,AIha,0,1,200,1,1,1,1,0,0,1,0,1,90,0,300,0,75,0,1,1,0,,,
266,rdis,Rune of Dispel Magic,,,RuneofDispelMagic,1,PowerUp,0,0,APdi,APdi,0,1,200,1,1,1,1,0,0,1,0,1,60,0,75,0,75,0,1,1,0,,,
267,texp,Tome of Experience,,,TomeofExperience,0,PowerUp,2,5,AIem,AIem,0,1,200,1,1,1,1,0,0,1,0,1,120,0,500,0,75,0,1,1,0,,,
268,rwat,Rune of the Watcher,,,RuneoftheWatcher,1,PowerUp,0,0,APwt,APwt,0,1,200,1,1,1,1,0,0,1,0,1,60,0,75,0,75,0,1,1,0,,,
269,pclr,Clarity Potion,,,ClarityPotion,1,Purchasable,0,0,AIpr,AIpr,0,1,67,1,1,1,1,1,0,0,0,2,45,0,160,0,75,0,1,1,0,,,
270,plcl,Lesser Clarity Potion,,,LesserClarityPotion,1,Purchasable,0,0,AIpl,AIpr,0,1,57,1,1,1,1,1,0,0,0,2,30,0,70,0,75,0,1,1,0,,,
271,silk,Spider Silk,,,SpiderSilk,1,Purchasable,0,0,AIwb,AIwb,0,4,81,1,1,1,1,1,0,0,0,2,60,0,50,0,75,0,0,1,0,,,
272,vamp,Potion of Vampirism,,,PotionofVampirism,1,Charged,0,0,AIpv,AIpv,0,1,39,1,1,1,1,1,1,0,0,2,45,0,150,0,75,0,1,1,0,,,
273,sreg,Scroll of Regeneration,,,ScrollofRegeneration,1,Purchasable,0,0,AIsl,AIsl,0,1,70,1,1,1,1,1,0,0,0,2,90,0,100,0,75,0,1,1,0,,,
274,tcas,Tiny Castle,,,TinyCastle,1,Purchasable,0,0,AIbl,AIbl,0,1,0,1,1,1,1,1,0,0,0,1,120,0,800,300,75,0,0,1,0,,,
275,ssan,Staff of Sanctuary,,,StaffofSanctuary,1,Purchasable,0,0,ANsa,ANsa,0,-,3,1,0,1,1,1,0,0,0,1,120,0,200,0,75,0,1,1,0,,,
276,ofr2,Orb of Fire v2,,,OrbofFirev2,0,Miscellaneous,3,7,AIf2,AIf2,0,-,95,0,0,1,1,1,0,0,0,1,120,0,250,0,75,0,1,1,0,,,
277,sxpl,Seed of Expulsion,,,SeedofExpulsion,1,Campaign,0,0,_,,0,-,0,0,0,1,0,0,0,0,0,1,120,0,200,0,75,0,0,1,0,,,
278,vpur,Vine of Purification,,,VineofPurification,1,Campaign,0,0,_,,0,-,0,0,0,1,0,0,0,0,0,1,120,0,200,0,75,0,0,1,0,,,
279,pdiv,Potion of Divinity (Divine Shield),,,PotionofDivinity,1,Miscellaneous,0,0,AIdv,AHds,0,1,0,1,1,1,1,1,0,0,0,1,120,440,550,0,75,0,1,1,0,,,
280,fgrd,Red Drake Egg,,,RedDrakeEgg,0,Miscellaneous,0,6,AIfd,AIfs,0,1,0,1,1,1,1,1,0,0,0,1,120,0,550,0,75,0,1,1,0,,,
281,totw,talisman of the wild,,,talismanofthewild,0,Miscellaneous,0,7,AIff,AIfs,0,3,0,1,1,1,1,1,0,0,0,1,120,0,550,0,75,0,1,1,0,,,
282,sand,Scroll of Animate Dead,,,ScrollofAnimateDead,0,Miscellaneous,0,8,AIan,AIan,0,1,0,1,1,1,1,1,0,0,0,1,120,440,700,0,75,0,1,1,0,,,
283,srrc,Scroll of Resurrection,,,ScrollofResurrection,0,Miscellaneous,0,8,AIrs,AIrs,0,1,0,1,1,1,1,1,0,0,0,1,120,440,700,0,75,0,1,1,0,,,
